Model,CV_Mean_Accuracy,CV_Std
Neural Network,0.7930960948953751,0.02226831173175351
Logistic Regression,0.7833399973343995,0.02021776653558233
Random Forest,0.7784886045581768,0.03235922542673176
SVM,0.7752365720378516,0.037332169355113826
Decision Tree,0.7165133946421431,0.049833113023020216
